N°,Año,Título,Protagonistas,Director,Género,Ub
7,,42,CHADWICK BOSEMAN,,"DRAMA, BASEBALL",16
29,2012,360,JUDE LAW-HOPKINS,,DRAMA,12
34,2009,2012,JOHN CUSACK,,"ACCIÓN, SUSPENSO, FICCIÓN",6
15,2010,007 CASINO ROYALE ,Daniel Craig,,"007, Espionaje, Accion",7
16,2011,007 QUANTUM OF SOLACE,Daniel Craig,,"007, Espionaje, Accion",7
17,2012,007 SKAYFALL,Daniel Craig,,"007, Espionaje, Accion",7
25,,"11:59, TIME TO DIE",,,TERROR,16
30,2011,12 HORAS,Amanda Seyfried,,"Drama, Accion",7
14,,13 ASESINOS,TAKASHI MILKI (D),,ARTES MARCIALES,11
2,,13 FANTASMAS,TONY SHALHOUB,,TERROR ,12
34,2010,13 RULETA RUSA,JASON STATHAN,,"SUSPENSO, DRAMA",1
10,,14 ESPADAS,DONNIE YEN,,ARTES MARCIALES,11
9,2011,50/50,JOSEPH GORDON-L,JONATHAN LEVINE,"Comedia, drama",8
19,1986,9 SEMANAS Y MEDIA,KIM BASINGER,ADRIAN LYNE,"Drama, erotismo",8
2,,A LA CAZA DEL OCTUBRE ROJO,SEAN CONNERY,,SUSPENSO GUERRA,13
28,,A LAS PUERTES DE LOS FANTASMAS,AMANDA MATHEW,,"ACCION, CRIMEN",16
34,2012,A ROMA CON AMOR,WODDY ALLEN,,COMEDIA,12
21,,ABOGADO DL DIABLO,REEVES - PACINO,,DRAMA-SUSP- TERROR,13
25,2010,ACROSS THE LINE,Mario Van Peebles,,"Drama, Accion",7
36,,ADIOS A LA REINA,LEA SEYDOUX,BENOIT JACQUET,"DRAMA, HISTORICA",15
23,,ADORABLE,MOLLY,,TERROR,16
17,2005,AEON FLUX,CHARLIZE THERON,,"Accion, Aventura, Ciencia F.",5
36,2009,AFTER LIFE (Después de la vida),LIAM NEESON,,"DRAMA, SUSPENSO",6
8,2009,AGENTE SALT,Angelina Jolie,,"Accion, Espionaje",7
37,2012,AHOR ES EL MOMENTO,DAKOTA FANNING,,DRAMA,15
39,2012,AL BORDE DEL ABISMO,Sam Worthington,,"Ciencia F. Aventura, Drama",5
20,2013,AL CALOR DE LAS ARMAS,MICKEY ROURKE,CONOR ALLIN,ACCION TERRORISMO,15
25,,ALADIN,DISNEY,,ANIMADA,15
1,,ALERONES ROJOS,CUBA GOODING JR.,,GUERRA HISTORICA,12
24,2004,ALEXANDER,COLIN FARRELL,,ÉPICA HISTÓRICA,1
25,1979,ALIENS,,,"Accion, Suspenso, Ciencia F.",3
26,1986,ALIENS 2,,,"Accion, Suspenso, Ciencia F.",3
27,1992,ALIENS 3,,,"Accion, Suspenso, Ciencia F.",3
28,1997,ALIENS 4,,,"Accion, Suspenso, Ciencia F.",3
12,2012,ALMAS MUERTAS,JESSE JAMES,,TERROR,16
38,1984,AMADEUS,F.MURRAY Abraham,,DRAMA MOZART,6
23,,AMIGOS PARA SIEMPRE (INTOCABLES),ERIC TOLEDANO,,"DRAMA, COMEDIA",15
38,,AMOR,JEAN LOUIS TRINTIGNANT,,DRAMA DE AMOR,15
40,1997,ANASTASIA,DISNEY,,ANIMADO DRAMA,12
12,,ANGELES Y DEMONIOS,TOM HANKS,,"SUSPENSO, INTRIGA",10
24,2009,ANIMAL KINGDOM,Ben Mendelson,,"Drama, Suspenso",7
28,,ANNA KARENINA,KEIRA KNIGHLEY,,DRAMA,15
32,2011,ANONIMO,RHYS IFANS,,BIOGRAFIA SHAKESPEARE,12
27,1979,APOCALIPSIS AHORA,MARLON BRANDO,,"HORROR, GUERRA",1
13,2006,APOCALIPTO,MEL GIBSON (D),MEL GIBSON,"Épica, historia",8
19,2008,APPALOOSA,ED HARRIS,,"WESTERN, ",6
23,,APRENDICES FUERA DE LINEA,,,,16
3,2010,APRENDIZ DE BRUJO,Nicolas Cage,,"AVENTURA, FICCIÓN",6
2,,ARGO,,,,16
38,,ARMADAS Y PELIGROSAS,,,COMEDIA,16
16,1998,ARMAGEDDON,BRUCE WILLIS,,Ficción catastrófica,5
21,,ARTHUR NEWMAN,,,,16
10,1995,ASESINO,STALLONE-BANDERAS,RICHARD DONNER,"Drama,acción",8
36,,ASESINO DEL FUTURO,Joseph Gordkon-Levitt,,THILLER FICCION ,9
18,,ASSASSINS RUN,CHRISTIAN SLATER,,"ACCION, MAFFIA",16
3,2009,AVATAR,,,"Animada, aventura, fam",4
25,2009,AVATAR,J. CAMERON,,"Ciencia F. Aventura, Drama",5
34,2012,AZUL COMO EL JAZZ,MARSHALL ALLMAN,STEVE TAYLOR,Comedia drama,8
1,1990,BAILANDO CON LOBOS,KEVIN COSTNER,,7 Premios Oscar,1
15,2011,BAJO AMENAZA - TRESPASS,NICHOLAS CAGE,JOEL SCHUMACHER,"Drama, Suspenso",8
17,1942,BAMBI,,,"Animada, aventura, fam",4
18,2006,BAMBI 2,,,"Animada, aventura, fam",4
37,2009,BASTARDOS SIN GLORIA,BRAD PITT,,ACCION BELICA,1
1,2005,BATMAN BEGINS,CHRISTIAN BALE,,"Accion, Aventura, Ciencia F.",5
2,2008,BATMAN Caballero oscuro,CHRISTIAN BALE,,"Accion, Aventura, Ciencia F.",5
3,2012,BATMAN El caballero asciende,CHRISTIAN BALE,,,5
31,,BATMAN. EL MISTERIO DE BATWOMAN,,,ANIMADA,16
30,,BATTLESHIP,LIAM NEESON,,FICCION GUERRA,9
19,2011,BEASTLY,,,"Romance, Fantasia",2
27,2012,BEL AMI,ROBERT PATTINSON,,DRAMA,12
10,,BELLEZA AMERICANA,KEVIN SPACEY,SAM MENDES,"DRAMA, FAMILIA",16
35,1959,BEN HUR,Charlton Heston,,"Epica, Biblica",7
29,,BESTIAS DEL SUR SALVAJE,OUVENZHAN WALLIS,BENH ZEITLIN,DRAMA,15
40,1998,BICHOS,,,"Animada, aventura, fam",4
23,2010,BIUTIFUL,JAVIER BARDEM,A. G. IÑARRITU,Drama,8
23,1989,BLACK RAIN,MICHAEL DOUGLAS,,ACCION POLICIAL,2
4,,BLACK RAIN - LLUVIA NEGRA,MICHAEL DOUGLAS,,THRILLER POLICIAL,13
19,2012,BLANCANIEVES Y EL CAZADOR,CHARLIZE THERON,,"Drama, ficción",5
28,2008,BOLT,,,"Animada, aventura, fam",4
7,,BOURNE EL LEGADO,JEREMY RENNER,,THRILER DE ACCION,14
37,2012,BRANDED,ED STOPPARD,JAMIE BRADSHAW,"Accion, Drama, Ficcion",16
4,2001,BROTHERHOOD OF THE WOLF,SAMUEL LE BIHAN,,"SUSPENSO, HISTORICO",1
36,2009,BUSCANDO A NEMO,PIXAR,,ANIMADO,12
34,,BUSQUEDA IMPLACABLE,LIAM NEESON,,TRHILLER SUSPENSO,9
35,,BUSQUEDA IMPLACABLE 2,LIAM NEESON,,TRHILLER SUSPENSO,9
34,2011,"CABALLEROS, PRINCESAS Y O/ BEStias",ZOOEY DESCHANEL,,"AVENTURA, COMEDIA",2
16,2012,CABALLO DE GUERRA,SPIELBERG (D),,DRAMA DE GUERRA,1
39,,CABARET DESIREE,SOFIA PRADA,,EROTICA,9
39,2012,CABRAS,DAVID DUCHOVNY,CRISTOPHER NEIL,Comedia,8
5,2011,CACERIA DE BRUJAS,NICOLAS CAGE,,"SUSPENSO, FICCION",1
40,1979,CALIGULA,Malcolm Mcdowell,,"ROMANA, SEXO, VIOLENCIA",6
37,,CAMBIO DE HÁBITO,WHOOPI GOLDBERG,,COMEDIA,13
15,2011,CAPERUCITA ROJA,AMANDA SEYFRIED,,Suspenso,2
9,2011,CAPITAN AMERICA,CHRIS EVANS,,"Accion, Aventura, Ciencia F.",5
32,1997,CARA A CARA ,CAGE-TRAVOLTA,,"ACCIÓN, SUSPENSO",1
19,1983,CARA CORTADA,AL PACINO,,DRAMA POLICIAL,1
33,,CARGO,MARTIN RAPOLD,,FICCION ESPACIO EXTERIOR,9
6,,CARNICERIA,JODIE FOSTER,,"DRAMA, SUSPENSO",9
1,,CARROS DE FUEGO,BEN CROSS,,DRAMA ATLETISMO,13
5,2010,CARTAS A DIOS,PATRICK DOUHTIE,,COMEDIA DRAMA,12
6,,CASA DE LAS DAGAS VOLADORAS,ZIYI ZHANG,,"MARCIALES, FANTASIA",11
1,,CASABLANCA,,,,16
28,,CAZADORES DE SOMBRAS,,,,16
34,,CHASING MAVERICKS,,,"DRAMA, SURFING",16
13,,CHOCOLATE,JEEJA YANIN,,ARTES MARCIALES,11
9,,CIRCO DEL SOL,CIRCO,,ESPECTACULO,14
22,,CIRCULO OSCURO,,,TERROR,16
26,1963,CLEOPATRA,ELIZABETH TAYLOR,,"DRAMA ÉPICO, HISTORIA",6
9,,CLOSER,NATALIE PORTMAN,,"COMEDIA, DRAMA",9
23,,COBRA,STALLONE,,ACCION POLICIAL,13
11,,CÓDIGO DA VINCI,TOM HANKS,,"SUSPENSO, INTRIGA",10
32,,COLATERAL,TOM CRUISE,,"ACCION, CRIMEN",16
35,2012,COMANDO ESPECIAL,JONAH HILL,,COMEDIA,2
35,2010,COMO ENTRENAR A TU DRAGON,,,"Animada, aventura, fam",4
5,1998,CONOCES A JOE BLACK,PITT - HOPKINS,MARTIN BREST,"DRAMA, ROMANCE, FICCION",15
26,2005,CONSTANTINE,KEANU REEVES,,"TERROR, SUSPENSO",1
14,2011,CONTAGIO,MATT DAMON,,"DRAMA , SUSPENSO",2
5,2011,CONTRABANDO,Mark Wahlberg,,"Drama, Accion",7
29,2008,CONTROL TOTAL,SHIA LABEOUF,D.J. CARUSO,"Accion, Aventura",8
30,,CORAZON VALIENTE,MEL GIBSON,,ÉPICA HISTÓRICA,13
27,2011,CORIOLANUS,GERARD BUTLER,RALPH FIENNES,"Drama, acción",8
2,2011,COWBOYS Y ALIENS,Daniel Craig,,"ACCION, DRAMA, FICCIÓN",6
6,2004,CRASH,SANDRA BULLOCK,PAUL HAGIS,"Suspenso, Drama",8
36,,CREPUSCULO 1,ROBERT PATTISON,,VAMPIROS-WOLFMEN,10
37,,CREPUSCULO 2,ROBERT PATTISON,,VAMPIROS-WOLFMEN,10
38,,CREPUSCULO 3,ROBERT PATTISON,,VAMPIROS-WOLFMEN,10
39,,CREPUSCULO 4,ROBERT PATTISON,,VAMPIROS-WOLFMEN,10
40,,CREPUSCULO 5,ROBERT PATTISON,,VAMPIROS-WOLFMEN,10
7,,CRUCE DE CAMINOS,,,,16
14,2005,CRUZADA,ORLANDO BLOOM ,RIDLEY SCOTT (D),"Acción, Ciencia F.",8
8,1983,CUJO,DEE WALLACE-STONE,,"Suspenso, Terror",2
8,,CURVAS DE LA VIDA ,CLINT EASTWOOD,,DRAMA BEISBOL,14
39,,DANZANDO ENTRE SOMBRAS,CLIVE OWENS,,,16
30,,DARKMAN EL HOMBRE OSCURO,LIAM NESSON,,,16
16,,DAWN RIDER,CHRISTIAN SLATER,,WESTERN,12
3,2008,DEJAME ENTRAR,KARE HEDABRANT,,VAMPIROS,9
10,,DELFINES - THE COVE,,,DOCUMENTAL,9
29,1987,DEPREDADOR,,,"Accion, Aventura, Ciencia F.",3
30,1990,DEPREDADOR 2,,,"Accion, Aventura, Ciencia F.",3
37,,DESCONECTAR- DISANENECT,JASON BATEMAN,,,16
16,2011,DESEOS CULPABLES,Michael Fassbender,,DRAMA ,6
24,2001,DESTINO DE CABALLLERO,HEAT LEDGER,,"COMEDIA, DRAMA",2
19,1996,DIA DE ENTRENAMIENTO,Denzel Washington,,"Drama, Accion Policial",7
30,1996,DIA DE INDEPENDENCIA,WILL SMITH,,"FICCION, SUSPENSO",1
29,,DICTADO,MIRA SORVINO,,SUSPENSO TERROR,9
7,1975,DIRTY DANCING,PATRICK SWAYZE,EMILE ARDOLINO,DRAMA - BAILE,15
21,2013,DJANGO DESENCADENADO,JAMIE FOX,QUENTIN TARANTINO,WESTERN,15
34,,DOBLEMENTE ARMADOS,DENZEL WASHINTON,,ACCION POLICIAL,16
5,,DOLOR Y DINERO,MARK WAHLBERG,,"ACCION, DRAMA",16
35,2012,DOS DIAS EN NEW YORK,CHRIS ROCK,,COMEDIA,12
21,1992,DRÁCULA,GARY OLDMAN,,"TERROR, SUSPENSO",1
28,,DRAGON ROJO,ANTHONY HOPKINS,,THRILER PSICOLOGICO,10
25,2011,DRIVE,RYAN GOSLING,,"ACCIÓN, DRAMA, CRIMEN",6
36,,D-TOX,SILVESTER STALLONE,,ACCION POLICIAL,13
3,,DULDE VENGANZA,,,,16
1,,DURO DE MATAR 1,BRUCE WILLIS,,THRILLER POLICIAL,10
2,,DURO DE MATAR 2,BRUCE WILLIS,,THRILLER POLICIAL,10
3,,DURO DE MATAR 3,BRUCE WILLIS,,THRILLER POLICIAL,10
4,,DURO DE MATAR 4,BRUCE WILLIS,,THRILLER POLICIAL,10
10,,E.T. EL EXTRATERRESTRE,SPIELBERG,,FICCION,13
8,,EFECTOS SECUNDARIOS,,,,16
11,2012,EL ABCs DE LA MUERTE,VARIOS,26 DIRECTORES,CORTOS DE TERROR,15
19,2002,EL ARO,NAOMI WATTS,GORE VERBINSKI,HORROR,15
28,2011,EL ARTISTA,JEAN DUJARDIN,,COMEDIA MUDA,1
14,2012,EL ASESINO (THE FACTORY),JOHN CUSACK,MORGAN O´NEILL,SUSPENSO,15
23,,EL ATLAS DE LAS NUBES,TOM HANKS,,DRAMAS ENCONTRADOS,9
26,2011,EL AVISPON VERDE,SETH ROGEN,,"Ciencia F. Aventura, Drama",5
5,,EL BESO DEL DRAGÓN,JET LI,,ARTES MARCIALES,11
21,,EL BUEN DOCTOR,ORLANDO BLOOM,,THRILLER MEDICO ,12
2,2005,EL CADAVER DE LA NOVIA,,,"Animada, aventura, fam",4
39,2010,EL CAMINO,Martin Sheen,,"Drama, Biografia",7
11,,EL CAMINO DEL GUERRERO,DONG-GUN JANG,,"MARCIALES, FANTASIA",11
21,1997,EL CHACAL,BRUCE WILLIS,,SUSPENSO HISTORICA,14
9,,EL CHEF,,,,16
4,2010,EL CISNE NEGRO,NATALI PORTMAN,,DRAMA PSICOLOGICO,2
11,1999,EL CLUB DE LA PELEA,Brad Pitt,,"COMEDIA, DRAMA",6
20,2013,EL CONJURO,RON LIVINGSTON,,"TERROR, SUSPENSO",2
19,,EL CORAZON DEL ANGEL,ROURKE - D´NIRO,,HORROR PSICOLOGICO,12
33,2012,EL CUARTO PODER,DENNIS GANSEL,,ACCION  ESPIONAJE,12
13,2012,EL CUERPO,JOSE CORONADO,ORIOL PAULO,Misterio Suspenso,14
12,1994,EL CUERVO,BRANDON LEE,,"ACCIÓN, FICCIÓN",1
17,2012,EL DESPERTAR,,,"TERROR, SUSPENSO",2
35,,EL DETALLE,TOBEY MAGUIRE,,"COMEDIA, DRAMA",16
23,2008,EL DIA QUE LA TIERRA SE DETUVO,KEANU REEVES,,"APOCALIPTICA, SUSPENSO",
21,2011,EL DIARIO DE UN ALCOHOLICO,JHONNY DEEP,BRUCE ROBINSON,Drama,8
37,2012,EL ENIGMA DEL CUERVO,JHON CUSACK,JAMES Mc TEIGUE,"Suspenso, Drama",8
36,,EL ESCUADRON,VINCENT ELBAZ,JULIEN LECLERC,ACCION POLICIAL,16
18,,EL EXÓTICO HOTEL MARIGOLD,TOM WILKINSON,,"COMEDIA, DRAMA",9
23,2010,EL EXPERIMENTO,Forest Whitaker,,"Drama, Suspenso",7
18,,EL FIN DE LOS DIA,SCHWARZENEGER,,SUSPENSO - FICCIÓN,13
12,,EL FRAUDE,RICHARD GERE,,DRAMA SUSPENSO,9
38,,EL GANADOR,BRIAN PRESLEY,,DRAMA DEPORTES,9
4,1967,EL GRADUADO,DUSTIN HOFFMAN,MIKE NICHOLS,DRAMA,15
32,2007,EL GRAN DEBATE,DENZEL WASHINGTON,DENZEL WASHINGTON,"Accion, Aventura, Crimen",8
4,,EL GRAN GASTBY,LEONARDO DI CAPRIO,,,16
29,,EL GRAN MAESTRO,WONG KAR-WAI,,ARTES MARCIALES,16
33,2011,EL GRAN MILAGRO,DREW BARRYMORE,,"DRAMA, COMEDIA",2
36,2011,EL GRAN ROBO,PATRICK DEMPSEY,,"ACCIÓN, COMEDIA",2
28,1992,EL GUARDAESPALDAS,Kevin Costner,,"Drama, Suspenso",7
15,2011,EL GUERRERO,,,"ACCION, BOXEO",1
1,,EL GUSANO ESCARLATA,AARON STIELSTRA,,DRAMA WESTERN,9
10,2011,EL HIJO DE NADIE,Channing Tatum,,"Drama, Accion",7
24,,EL HOBBIT,,,"FANTASIA, ACCION",15
37,,EL HOMBRE ALTO,JESICA BIEL,,TRHILLER SUSPENSO,9
19,,EL HOMBRE DE HIELO,MICHAEL SHANNON,ARIEL VROMEN,"ACCION, CRIMEN",16
3,2004,EL HUNDIMIENTO,BRUNO GANZ,OLIVER HIRSCHBIEGEL,"Acción, guerra",8
31,,EL JUEGO - THE GAME,MICHAEL DOUGLAS,,SUSPENSO ACCIÓN,13
25,2009,EL JUEGO PERFECTO,CLIFTON COLLIN,,"DRAMA, DEPORTE",2
26,1995,EL JUEZ,Silvester Stallone,,"Accion, Ficcion",7
18,,EL KARATE KID,JADEN SMITH -CHANG,,"DRAMA, MARCIALES",11
3,2006,EL LABERINTO DEL FAUNO,IVANA BAQUERO,,"Suspenso, Drama, Ciencia F.",2
34,2010,EL LIBRO DE ELI,Denzel Washington,,"Drama, acción, ciencia ficción",5
24,,EL LLANERO SOLITARIO,,,,16
11,2010,EL MENSAJERO,MICKEY ROURKE,HANI ABU-ASSAD,"Accion, suspenso",8
17,2008,EL OJO,JESSICA ALBA,DAVID MOREAU,TERROR SUSPENSO,15
38,2010,EL ORIGEN,LEO DI CAPRIO,,"FICCIÓN, SUSPENSO",1
30,,EL ORIGEN DE LOS GUARDIANES,,DREAMWORKS,ANIMADA,15
7,1997,EL PACIFICADOR,GEORGE CLOONEY,MIMI LEDER,Accion drama,8
20,,EL PADRINO 1,AL PACINO,,"MAFFIA, DRAMA",10
21,,EL PADRINO 2,AL PACINO,,"MAFFIA, DRAMA",10
22,,EL PADRINO 3,AL PACINO,,"MAFFIA, DRAMA",10
12,2000,EL PATRIOTA,Mel Gibson,,"AVENTURA, DRAMA, HISTORIA",6
36,2012,EL PELEADOR,CHRISTIAN BALE,,"BOXEO, DRAMA",1
22,,EL PERFUME,BEN WISHAW-HOFFMAN,,SUSPENSO -CRIMEN,13
3,,EL PERRO,JET LI,,ACCION ARTES MARCIALES,12
13,2002,EL PIANISTA,Adrien Brody,,"DRAMA, ",6
31,2012,EL PODEROSO OZ,,,FANTASIA,16
15,,EL PRECIO DE LA CODICIA,KEVIN SPACEY,,THILLER SUSPENSO,9
9,,EL PREDICADOR ,GERARD BUTLER,,DRAMA GUERRA,12
29,2007,EL PUENTE A TERABITHIA,JOSH HUTCHERSON ,,"Drama, Aventura",2
9,1997,EL QUINTO ELEMENTO,BRUCE WILLIS,,"ACCIÓN, FICCIÓN",1
33,2011,EL REFUGIO,Michael Shannon,,Drama Tornados,7
22,,EL REINO DE LOS MOONRISE,BRUCE WILLIS,,COMEDIA,12
16,,EL REINO PROHIBIDO,JACKIE CHANG-JET LI,,ARTES MARCIALES,11
13,2012,EL REY DEL TAI CHI,KEANU REEVES,,"ACCION, ARTE MARCIALES",16
6,1994,EL REY LEON,,,"Animada, aventura, fam",4
7,1998,EL REY LEON 2,,,"Animada, aventura, fam",4
8,2004,EL REY LEON 3,,,"Animada, aventura, fam",4
14,2012,EL SAMARITANO,Samuel Jackson,,"Drama, Accion Policial",7
29,,EL SEXTO SENTI}DO,BRUCE WILLIS,,SUSPENSO MISTERIO,13
6,1998,EL SHOW DE TRUMAN,Jim Carrey,,"DRAMA, COMEDIA",6
26,,EL SILENCIO DE LOS CORDEROS,ANTHONY HOPKINS,,THRILER PSICOLOGICO,10
20,2012,EL SORPREND HOMBRE ARAÑA,ANDREW GARFIELD,,"Accion, Aventura, Ciencia F.",5
20,2011,EL TOPO,GARY OLDMAN,,"SUSPENSO, POLICIAL",6
12,,EL TREN DE LAS 3:10 A YUMA,R.CROWE - C. BALE,,WESTERN DRAMA,12
39,,EL ÚLTIMMO REY DE ESCOCIA,FORREST WHITAKER,,DRAMA TERROR BIOGRAFICO,13
4,,EL ÚLTIMO EMPERADOR,B. BERTOLUCCI (D),,"ÉPICA, HISTÓRICA",11
19,,EL ÚLTIMO MAESTRO DEL AIRE,NOAH RINGER,,"AVENTURA, MARCIALES",11
39,2003,EL ÚLTIMO SAMURAI,TOM CRUISE,,ÉPICA HISTÓRICA,1
34,2012,EL VUELO,DENZEL WASHINGTON,,"DRAMA, SUSPENSO",15
40,2007,"ELIZABETH, LA EDAD DE ORO",CATE BLANCHETT,,"DRAMA, HISTÓRICO",1
19,,ELYSIUM,,,,16
15,,EMPERADOR,TOMMY LEE JONES,PETER WEBBER,DRAMA HISTORICA,16
40,2012,EN EL ÁRTICO,IMAX,GREG MACGILLIVRAY,DOCUMENTAL,14
16,,EN EL NOMBRE DEL REY,JASON STATHAM,,ACCION EDAD MEDIA,9
17,,EN EL NOMBRE DEL REY II,DOLPH LUNDGREEN,,ACCION EDAD MEDIA,9
29,1999,EN LO PROFUNDO ,Omar Epps,,"Drama, Accion Policial",7
30,,EN LO SALVAJE,EMILE HIRSCH,SEAN PEN,COMEDIA DRAMA,16
24,,EN TRANCE,JAMES MCAVOY,,"ACCION, SUSPENSO",16
10,2007,ENCANTADA,,,"Animada, aventura, fam",4
37,2010,ENCUENTRO EXPLOSIVO,Tom Cruise,,"Acción, Comedia",7
33,2001,ENEMIGO A LAS PUERTAS,RACHEL WEISZ,,DRAMA DE GUERRA,1
34,,ENEMIGOS PUBLICOS,JOHNNY DEPP,,ACCION MAFFIA,13
21,,ENIGMA,VAL KILMER,,"DRAMA, TERROR",16
7,,ENTRE LOBOS,JUAN JOSE BALLESTA,,DRAMA REAL,9
28,1994,ENTREVISTA CON EL VAMPIRO,BRAD PITT,,"TERROR, SUSPENSO",6
15,2002,EQUILIBRIUM ,CHRISTIAN BALE,,"Accion, Aventura, Ciencia F.",5
12,,ESENCIA DE MUJER,AL PACINO,,DRAMA,13
1,2012,ESPEJITO ESPEJITO,JULIA ROBERTS,TARSEM SINGH,"Comedia, Susp",8
1,,ESTO ES GUERRA,REESE WITHERSPON,,COMEDIA,16
30,2011,EVA,DANIEL BRüHL,,"SUSPENSO, DRAMA, FICCIÓN",6
7,,EVITA,MADONNA-BANDERAS,,MUSICAL,13
18,2011,FACES IN THE CROW,MILLA JOJOVICH,,"MISTERIO, SUSPENSO",2
27,2007,FALLEN,PAUL WESLEY,,"Ciencia F. Aventura, Drama",5
32,1940,FANTASIA DISNEY,,,"Animada, aventura, fam",4
27,,FIJACION ORAL,SHAKIRA,,CONCIERTO MUSICAL,11
17,,FLAGS OF OUR FATHERS,,,,16
32,,FLASH: LA PARADOJA DEL TIEMPO,,,ANIMADA,16
26,2012,FLECHA TORCIDA,CHRISTAL ALLENCHELSEA,,COMEDIA ACCION DEPORTE,12
31,1986,FORREST GUMP,TOM HANKS,,"DRAMA, COMEDIA",1
14,,FRANKENSTEIN,ROBERT DE NIRO,,TERROR FICCIÓN,13
32,,FRANKENWEENIE,TIM BURTON,,SUSPENSO ANIMADA,9
40,,FRIGHT NIGHT,COLLIN FARRELL,,VAMPIROS,9
2,1995,FUEGO CONTRA FUEGO,DE NIRO-PACINO,,THRILLER POLICIAL,1
32,,FUERA DE AFRICA,REDFORD - STREEP,,ROMANCE,13
15,2013,FUERZA ANTI GANSTER,SEAN PEN Y OTROS,RUBEN FLEISCHER,THILLER MAFIA ,15
35,2010,FURIA DE TITANES ,Sam Worthington,,"Ciencia F. Aventura, Drama",5
36,2012,FURIA DE TITANES  II,Sam Worthington,,"Ciencia F. Aventura, Drama",5
3,2009,GAMER,Gerard Butler,,"Accion, Ficcion",7
31,2007,GANSTER AMERICANO,DENZEL- RUSELL,RIDLEY SCOTT (D),"Accion, Drama. Familia",8
11,,GHOST,PATRICK SWAYZE,,DRAMA FICCIÓN,13
26,1997,GIA,ANGELINA JOLIE,,"DRAMA, BIOGRAFIA",2
30,2011,GIGANTES DE ACERO,HOG JACKMAN,,"Ciencia F. Aventura, Drama",5
32,2011,GLEE 3D,LEA MICHELLE,KEVIN TANCHAROREN,MUSICAL,14
40,,GRAN CASINO,MIGUEL A. SILVESTRE,,"COMEDIA, INTRIGA",16
40,,GRANDES ESPERANZAS,,,"DRAMA, AMOR",16
30,2010,GRANDES MIGRACIONES 1 Y 2,NATIONAL GEOGRAPHIC,NATIONAL GEOGRAPHIC,DOCUMENTAL,14
16,1990,GREMLINS 2,,,"Animada, aventura, fam",4
4,2006,GUARDIANES DE ALTA MAR,Kevin Kostner,,"ACCIÓN, DRAMA",6
23,,GUERREROS DEL ARCO IRIS,MASANABU ANDÓ,,"DRAMA, MARCIALES",11
32,2008,HANCOCK,WILL SMITH,,"Accion, Comedia, Crimen",
13,2011,HANNA,SAOIRSE RONAN,,"ACCIÓN, INTRIGAS",1
27,,HANNIBAL,ANTHONY HOPKINS,,THRILER PSICOLOGICO,10
6,2005,HARRY POTTER Y EL CÁLIZ DE FUEGO,,,"Accion, Aventura, magia",3
8,2009,HARRY POTTER Y EL MISTERIO DEL PRÍNCIPE,,,"Accion, Aventura, magia",3
5,2004,HARRY POTTER Y EL PRISIONERO DE AZKABAN,,,"Accion, Aventura, magia",3
4,2002,HARRY POTTER Y LA CAMARA SECRETA,,,"Accion, Aventura, magia",3
7,2007,HARRY POTTER Y LA ORDEN DEL FÉNIX,,,"Accion, Aventura, magia",3
3,2001,HARRY POTTER Y LA PIEDRA FILOSOFAL,,,"Accion, Aventura, magia",3
9,2010,HARRY POTTER Y LAS RELIQUIAS DE LA MUERTE,,,"Accion, Aventura, magia",3
10,2011,HARRY POTTER Y LAS RELIQUIAS DE LA MUERTE 2,,,"Accion, Aventura, magia",3
22,,HATFIELDS & McCOYS,KEVIN COSTNER,,WESTERN,9
40,2011,HELENO PRINCIPE MALDITO,RODRIGO SANTORO,HENRIQUE FONSECA,Drama,8
20,2004,HELLBOY,,,"Accion, Aventura, Ciencia F.",3
21,2008,HELLBOY II,,,"Accion, Aventura, Ciencia F.",3
17,2012,HEMINGWAY & GELLHORN,KIDMAN - OWEN,PHILIP KAUFMAN,DRAMA  BIOGRAFICO,14
4,2011,HENRY CRIME,Keanu Reeves,,"Comedia, Drama",7
23,2013,HERMOSAS CRIATURAS,JEREMY IRONS,RICHARD LAGRAVENESE,FICCION BRUJERIA,14
7,,HEROE,JET LI,,ARTES MARCIALES,11
14,2011,HISTORIAS CRUZADAS,Emma Stone,,"DRAMA, TEMA RACIAL",6
22,2007,HITMAN,Timothy Oliphant,,"Accion, Ficcion",7
21,2004,HOMBRE EN LLAMAS,Denzel Washington,,"Drama, Accion",7
30,2012,HOMBRE LOBO uno entre nosotros,ED QUIN,,HOMBRES LOBOS,12
25,,HOMBRE MUERTO EN TOMBSTONE,,,,16
32,1997,HOMBRES DE NEGRO,Will Smith,,"Ciencia F. Aventura, Drama",5
22,,HOME RUN,,,,16
24,,HONEY 1,JESSICA ALBA,,COMEDIA MUSICAL,11
25,,HONEY 2,KATERINA GRAHAM,,COMEDIA MUSICAL,11
31,2005,HOSTEL I,,,"Terror, crimen, suspenso",3
32,2007,HOSTEL II,,,"Terror, crimen, suspenso",3
33,2011,HOSTEL III,,,"Terror, crimen, suspenso",3
37,2012,HOTEL TRANSILVANIA,SONY PICTURES,GENNDY TARTAKOVSKY,ANIMADA,14
6,2003,HULK,ERICK BANA,,"Accion, Aventura, Ciencia F.",5
7,2008,HULK 2,ERICK BANA,,"Accion, Aventura, Ciencia F.",5
31,2007,I AM LEGEND,WILL SMITH,,"Drama, Horror, Ciencia F.",
29,2011,I AM NUMBER FOUR,ALEX PETYFER,,"Ciencia F. Aventura, Drama",5
33,2004,I ROBOT,WILL SMITH,,"ACCIÓN, SUSPENSO, FICCIÓN",6
12,2010,I SAW THE DEVIL,LEE BYUNG-HUNG,,"Terror, Suspenso",2
24,2012,IMAGINAERUM,NIGHTWISH,STOBE HARJU,FICCION MUSICAL,14
39,1998,IMPACTO PROFUNDO,ROBERT DUVALL,,"ACCION, SUSPENSO, FICCION",6
5,,IMPERIO DEL SOL,SPIELBERG,,EPICA DE GUERRA,13
16,2012,INCONDICIONAL,LYNN COLLINS,BRENT McCORKLE,DRAMA CRISTIANO,15
7,,INFILTRADOS,DI CAPRIO - DAMON,,TRHILLER SUSPENSO,12
20,1992,INSTINTOS BASICOS,MICHAEL DOUGLAS,PAUL VERHOEVEN,SUSPENSO EROTICA,14
4,,INTOCABLES,FRANCOIS CLUZET,,"DRAMA, HUMOR",9
10,,INTRUSOS,CLIVE OWENS,,SUSPENSO,12
15,2007,INVISIBLE TARGET,NICHOLAS TSE,,"POLICIAL, MARCIALES",11
12,,IRON MONKEY,DONNIE YEN,,ARTES MARCIALES,11
36,2011,IRONGLAD - TEMPLARIO,Paul Giamatti,,Accion Edad Media,7
36,2011,IRONGLAD - TEMPLARIO,Paul Giamatti,,Accion Edad Media,7
4,2008,IRONMAN,ROBERT DOWNEY JR.,,"Accion, Aventura, Ciencia F.",5
5,2010,IRONMAN 2,ROBERT DOWNEY JR.,,"Accion, Aventura, Ciencia F.",5
21,2011,J. EDGAR ,Leo di caprio,,DRAMA HISTÓRICO,6
33,,JACK EL CAZAGIGANTES,EWAN MAC GREGOR,BRYAN SINGER,FANTASIA,16
2,2012,JACK REACHER BAJO LA MIRA,TOM CRUISE,CRISTOPHER McQUARRIE,THRILER DE ACCION,14
21,2012,JHON CARTER,LYNN COLLINS,,"Accion, Aventura, Ciencia F.",5
31,2012,JOE EL ASESINO,McCUNAUGHEY,,THRILLER CRIMEN,12
23,2010,JONAH HEX ,JOSH BRO,,"Accion, Drama, Suspenso",5
12,,JUEGOS DE GUERRA,MATTHEW BRODERICK,,FICCIÓN SUSPENSO,14
30,1995,JUMANJI,ROBIN WILLIAMS,JOE JOHNSTON,"Accion, aventura",8
29,,JURASSIC PARK 1,SPIELBERG (D),,"AVENTURA, FICCION",10
30,,JURASSIC PARK 2,SPIELBERG (D),,"AVENTURA, FICCION",10
31,,JURASSIC PARK 3,SPIELBERG (D),,"AVENTURA, FICCION",10
1,,KARATE A MUERTE EN BANGKOK,BRUCE LEE,,ARTES MARCIALES,11
27,2010,KICK-ASS,NICOLAS CAGE,,"Accion, Comedia, Crimen",
6,1979,KRAMER VS KRAMER,HOFFMAN - STREEP,ROBERT BENTON,DRAMA,15
9,2008,KUN FU PANDA 2,,,"Animada, aventura, fam",4
25,1991,LA BELLA Y LA BESTIA,,,"Animada, aventura, fam",4
9,1966,LA BIBLIA EN SU PRINCIPIO,"NERO, GARDNER, OTROS",JOHN HUSTON,BIBLICO,15
26,,LA CABAÑA DEL TERROR,,,TERROR SUSPENSO,15
20,2009,LA CARRETERA,VIGO MORTENSEN,,DRAMA APOCALIPTICO,1
27,,LA CASA DE AL LADO,JENNYFER LAWRENCE,,SUSPENSO TERROR,9
13,,LA CASA MUDA,ELIZABETH OLSEN ,,"MISTERIO, SUSPENSO",9
17,1987,LA CHAQUETA METALICA,Matthew Modine,,"ACCIÓN, DRAMA, GUERRA",6
15,,LA CIUDAD DE DIOS,,,,16
10,2011,LA COSA DEL OTRO MUNDO,MARY E. WINSTEAD,,"TERROR, SUSPENSO",2
16,2012,LA DAMA DE NEGRO,DANIEL RADCLIFFE,,"TERROR, SUSPENSO",2
26,1955,LA DAMA Y EL VAGABUNDO,,,"Animada, aventura, fam",4
27,2001,LA DAMA Y EL VAGABUNDO 2,,,"Animada, aventura, fam",4
36,1999,LA ERA DEL HIELO,,,"Animada, aventura, fam",4
37,2006,LA ERA DEL HIELO 2,,,"Animada, aventura, fam",4
38,2009,LA ERA DEL HIELO 3 y 4,,,"Animada, aventura, fam",4
23,,LA ERA DEL ROCK,TOM CRISE -ZETA JONES,,COMEDIA MUSICAL,12
8,,La extraña vida Timothy Green,JENNIFER GARNER,,"COMEDIA, DRAMA",9
29,1990,LA FEMME NIKITA,ANNE PARILLAUD,,SUSPENSO POLICIAL,1
28,,LA FUGA,ERIC BANA,,THILLER ACCION,9
4,,LA GRAN BODA,ROBERT DE NIRO,,COMEDIA,16
1,2010,LA HORA CERO,Zapata 666,,"Drama, Accion",7
16,2012,LA HUESPED,JAKE ABEL,ANDREW NICCOL,Ficción Suspenso,14
29,2011,LA INVENCION DE HUGO Cabret,BEN KINGSLEY,,"DRAMA, AVENTURA",6
12,2005,LA ISLA SINIESTRA,LEONARDO DICAPRIO,MARTIN SCORSESE,"Drama, Suspenso",8
6,,LA LEYENDA DE SENNA,AIRTON SENNA,,DOCUMENTAL,14
18,1993,LA LISTA DE SCHINDLER,Liam Neeson,,"DRAMA, HISTORIA",6
17,,LA LUZ FRIA DEL DIA,SIGOURNEY - WILLIS,,THRILLER ESPIONAJE,12
15,,LA MANO QUE MECE LA CUNA,ANNABELLA SCIORRA,,TERROR - SUSPENSO,13
4,,LA MARAVILLA,BEN AFLECK,,HISTORIA DE AMOR,14
17,,LA MASCARA,JIM CARREY,,COMEDIA FICCIÓN,13
22,1999,LA MILLA VERDE,TOM HANKS,,DRAMA CARCELARIO,1
27,,LA NARANJA MECÁNICA,MALCOLM MCDOWELL,,DRAMA VIOLENCIA,13
13,2011,LA NOCHE DEL DEMONIO,,,"Horror, Misterio, Suspenso",2
25,2009,LA PONTIFICE,JOHANNA WOKALEK,SÖRKE WORTMANN,Drama histórico,8
20,,LA RÉPLICA,,,,16
6,2008,LA REUNION,Jhon Cena,,"Drama, Accion",7
24,,LA ROCA,SEAN CONNERY,,ACCION POLICIAL-FUGA,13
11,,LA SUMA DE TODOS LOS MIEDOS,FREEMAN - AFFLECK,,THRILER SUSPENSO,14
9,,LA TENIENTE O´NEIL,DEMI MORE,,DRAMA - MILITAR,13
3,2013,LA TRAMA,RUSSEL CROWE,ALLEN HUGHES,SUSPENSO INTRIGA,14
16,,LA ULTIMA TENTACION DE CRISTO,SCORSESE,,DRAMA RELIGIOSO,13
11,,LA VENGANZA DEL DRAGON,JACKIE CHANG,,ACCION ARTES MARCIALES,9
29,,LA VIDA DE UN ICONO,MICHAEL JACKSON,,VIDEO MUSICAL -DOCUM,11
15,1997,LA VIDA ES BELLA,Roberto Begnini,,DRAMA DE GUERRA,6
2,,LADRONA DE IDENTIDADES,JASON BATEMAN,Seth Gordon,COMEDIA,16
40,,LAS FLORES DE LA GUERRA,CHRISTIAN BALE,,DRAMA GUERRA HISTORICA,13
28,2006,LAS HORAS PERDIDAS,DWAUNE JHONSON,,Thriller acción,2
25,2013,LAS REGLAS DE LA VIDA,TOBY MAGUIRE,LASSE HALLSTRON,DRAMA,14
36,,LAS VENTAJAS DE SER INVISIBLE,EMMA WATSON,,"COMEDIA, DRAMA",16
6,,LAWRENCE DE ARABIA,Charlton Heston,,BIOGRAFIA GUERRA,13
31,,LEGENDS LIVE AT MONTREUX,CLAPTON Y OTROS,,CONCIERTO MUSICAL,11
18,,LEYENDAS DE PASION,BRAD PITT,,DRAMA ACCION,12
8,2000,LÍMITE VERTICAL,CHRIS O´DONNEL,,"SUSPENSO, DRAMA",1
8,2011,LIMITLESS,Bradley Cooper,,"SUSPENSO, FICCION",6
11,2011,LINTERNA VERDE,RYAN REYNOLDS,,"Accion, Aventura, Ciencia F.",5
32,,LIVE FROM NEW YORK CITY,EMINEN,,CONCIERTO MUSICAL,11
40,,LO IMPOSIBLE,NAOMI WATS,J.A. BAYONA,"DRAMA, CATASTROFE",15
17,1939,LO QUE EL VIENTO SE LLEVÓ,CLARK GABLE,VICTOR FLEMING,"Drama, comedia",8
8,2009,LO QUE NO TE MATA ?,ETHAN HAWKE,BRIAN GOODMAN,"Drama, Acción",8
26,,LOCA ACADEMIA DE POLICIA,,,,16
38,2011,LOCO Y ESTUPIDO AMOR,STEVE CARREL,,"COMEDIA, DRAMA",2
3,,LOS AMANTES PASAJEROS,ANTONIO DE LA TORRE,PEDRO ALMODOVAR,COMEDIA,16
12,,LOS ARCHIVOS DE BERLIN,,,,16
20,,LOS ASESINATOS DE SNOWTOW,LUCAS PITTAWAY,,THRILLER CRIMEN,12
10,1956,LOS DIEZ MANDAMIENTOS,CHARLTON HESTON,CECIL DeMILLE,BIBLICO -EPICO,15
26,2013,LOS ELEGIDOS,KERI RUSSELL,SCOTT STEWART,FICCION TERROR,14
4,2004,LOS INCREIBLES,,,"Animada, aventura, fam",4
24,,LOS JUEGOS DEL HAMBRE,ELIZABETH BANKS ,,TRHILLER FICCION,9
27,,LOS MISERABLES,HUG JACKMAN,LOS MISERABLES,HISTÓRICO- MUSICAL,15
15,1999,LOS MUCHACHOS NO LLORAN,HILARY SWANK,KIMBERLY PIERCE,"Drama, romanc, policial",14
1,2010,LOS OJOS DE JULIA,BELEN RUEDA,,"Suspenso, Drama",2
28,,LOS OTROS,NIKOLE KIDMAN,,SUSPENSO MISTERIO,13
30,2011,LOS PINGUINOS DE PAPA,JIM CARREY,,COMEDIA,2
22,,LOS SEÑORES DE SALEM,,ROB ZOMIE,"TERROR, SUSPENSO",2
18,,LOS ULTIMOS DIIAS EN MARTE,,,,16
14,2012,LOS VENGADORES,ROBERT DOWNEY JR.,,,5
22,2005,MADAGASCAR,,,"Animada, aventura, fam",4
23,2008,MADAGASCAR,,,"Animada, aventura, fam",4
22,2012,MAMÁ,JESSICA CHASTAIN,GUILLERMO DEL TORO,TERROR,14
27,,MANIACO,ELIJAH WOOD,,"SUSPENSO, TERROR",16
14,,MANTEQUILLA,JENNIFER GARNER,,COMEDIA,9
2,1996,MARCIANOS ATACAN,JACK NICHOLSON,TIM BURTON,HUMOR NEGRO - FICCION,15
31,2012,MAREA NEGRA,Halle Berry,,"Drama, Suspenso",7
26,,MARLEY,BOB MARLEY,,DOCUMENTAL MUSICA,11
21,2012,MARTYRS,MORJANA ALAUUI,PASAL LAUGIER,"TERROR, SUSPENSO",2
12,1999,MATRIX,,,"Accion, Ciencia F.,  Suspenso",3
13,2003,MATRIX RELOADED,,,"Accion, Ciencia F. Suspenso",3
14,2003,MATRIX REVOLUTIONS,,,"Accion, Ciencia F. Suspenso",3
40,2011,MEDIANOCHE EN PARIS,OWEN WILSON ,,"DRAMA, COMEDIA",2
5,2010,MEGAMIND,,,"Animada, aventura, fam",4
21,,MEMORIAS DE MIS PUTAS TRISTES,EMILIO ECHEVARRIA,,DRAMA,9
22,,MI CAMINO,KOREA,,DRAMA DE GUERRA,11
24,,MI NOMBRE ES KHAN,TANAY CHHEDA,,DRAMA ,12
39,,MI NOVIO ES UN ZOMBI,,,"COMEDIA, FANTASIA",16
1,2013,MI VILLANO FAVORITO 2,,,ANIMADA,14
26,,MIENTRAS DUERMES,LUIS TOSAR,,SUSPENSO TERROR,9
27,1994,MILAGRO EN LA CALLE 34,NATALY WOOD,GEORGE SEATON,FICCION ILUSION,14
13,,MILLENIUM 1,NOOMI RAPACE,,"SUSPENSO, DRAMA",10
14,,MILLENIUM 2,NOOMI RAPACE,,"SUSPENSO, DRAMA",10
15,,MILLENIUM 3,NOOMI RAPACE,,"SUSPENSO, DRAMA",10
38,,MIMIC,MIRA SORVINO,,TERROR FICCIÓN,13
16,,MISION IMPOSIBLE 1,TOM CRUISE,,"ESPIONAJE, ACCIÓN",10
17,,MISION IMPOSIBLE 2,TOM CRUISE,,"ESPIONAJE, ACCIÓN",10
18,,MISION IMPOSIBLE 3,TOM CRUISE,,"ESPIONAJE, ACCIÓN",10
19,,MISION IMPOSIBLE 4,TOM CRUISE,,"ESPIONAJE, ACCIÓN",10
5,,MISTER FLYNN,ROBERT DE NIRO,,"DRAMA, COMEDIA",9
22,2004,MONSTER ASESINA EN SERIE,CHARLIZE THERON,PATTY JENKINS,"Drama, crimen",8
32,,MONSTERS ZONA INFECTADA,WITHNEY ABLE,GARETH EDWARDS,"DRAMA, FANTASIA",15
29,2009,MONSTRUOS VS ALIENIGENAS,,,"Animada, aventura, fam",4
39,2011,"MONSTRUOS, S.A.",,,"Animada, aventura, fam",4
28,,MOONWALKER,MICHAEL JACKSON,,MUSICAL,11
20,,MUD EL NIÑO FUGITIVO,M. MAcCUNAUGHEY,,DRAMA,16
21,,MULAN,XU JIAO,,"DRAMA, MARCIALES",11
39,1998,MULAN,DISNEY,TONY BANCROFT,ANIMADA,14
20,2011,MURALLA,WODDY HARRELSON,OREN MOVERMAN,"Drama, policial",8
18,1989,NACIDO EL CUATRO DE JULIO,TOM CRUISE,OLIVER STONE,DRAMA BELICO,14
34,,NINE,DANIEL DAY-LEWIS,,MUSICAL,11
4,2011,NO HABRA PAZ PARA LOS MALV,JOSE CORONADO,ENRIQUE URBIZÚ,"Acción, Drama",8
11,2011,NO TEMAS A LA OSCURIDAD,GUY PEARCE,,"SUSPENSO, TERROR",2
11,2013,OBLIVION,TOM CRUISE,,"ACCION, FANTASIA",16
31,2010,OCEANOS,DISNEY,DISNEY NATURE,DOCUMENTAL,14
23,,OCEANS ELEVEN,CLONNEY-PITT-DAMON,,"COMEDIA, SUSPENSO",10
25,,OCEANS TRECE,CLONNEY-PITT-DAMON,,"COMEDIA, SUSPENSO",10
24,,OCEANS TWELVE,CLONNEY-PITT-DAMON,,"COMEDIA, SUSPENSO",10
28,2008,OUTLANDER,JIM CAVIEZEL,,"Ciencia F. Aventura, Drama",5
33,2002,PANDILLAS DE NUEVA YORK,LEO DI CAPRIO,,"MAFFIA, ACCIÓN",1
11,,PAPILLON,,,,16
37,2011,PASE LIBRE,OWEN WILSON,,COMEDIA,12
6,,PASSION,NAOMI RAPACE,BRIAN DE PALMA,DRAMA ,16
25,,PATTON,GEORGE SCOTT,,BIOGRAFIA GUERRA,13
24,2011,PAUL,,,"Animada, aventura, fam",4
31,,PECADO ORIGINAL,JOLIE - BANDERAS,,DRAMA SUSPENSO,9
31,2010,PERCY JACKSON & THE OLYMPIANS,LOGAN LERMAN,,"Ciencia F. Aventura, Drama",5
13,2010,PERDEDORES,Chris evans-Zoe Saldana,,"Drama, Accion",7
15,2003,PETER PAN,,,"Animada, aventura, fam",4
31,1940,PINOCHO,,,"Animada, aventura, fam",4
24,2010,PIRANHA 3D,RICHARD DREIFUSS,ALEXANDRE AJA,"Acción, Ficcion",8
28,2011,PLANETA HUMANO 1,BBC,BBC,DOCUMENTAL,14
29,2011,PLANETA HUMANO 2 Y 3,BBC,BBC,DOCUMENTAL,14
34,1986,PLATOON,Oliver Stone,,Drama De Guerra,7
37,2012,PODER SIN LIMITES,Michael B. Jordan,,"Ciencia F. Aventura, Drama",5
13,,POR UNOS DOLARES MAS,CLINT EASTWOOD,,WESTERN ,12
17,,POSESION INFERNAL,,,TERROR,16
25,,PREMIO URGENTE,Joseph Gordkon-Levitt,,ACCION SUSSPENSO,9
8,,PRESAGIO,NICHOLAS CAGE,,FICCION SUSPENSO,12
36,2011,PRIEST EL VENGADOR,PAUL BETTANNY,SCOTT STEWART,Vampiros terror,8
33,,PRIMERA FILA,VICENTE FERNANDEZ,,CONCIERTO MUSICAL,11
22,2010,PRINCIPE DE PERSIA,JAKE GYLLENHAAL,,"Accion, Aventura",5
40,2011,PRINCIPE DEL DESIERTO,Antonio Banderas,,"Aventura, acción",5
22,2010,PRINCIPIANTES,EWAN McGREGOR,,COMEDIA,6
33,2012,PROMETEO,Noomi Rapace,,"Ciencia Ficción, Drama",5
2,2012,PROTEGIENDO AL ENEMIGO,Denzel Washington,,Accion Policial,7
6,2007,PRUEBA DE FE,HILARY SWANK,,"TERROR, SUSPENSO",1
10,1994,PULP FICTION,Jhon Travolta,,"CRIMEN,VIOLENCIA",6
35,2011,PUNTCTURE,CHRIS EVANS,,"DRAMA, SUSPENSO",15
19,1991,PUNTO DE QUIEBRE,PATRICK SWAYZE,KATHRYN BIGELOW,ACCION POLICIAL,14
38,,QUE PASO EN LAS VEGAS,CAMERON DÍAZ,,COMEDIA,16
28,2012,QUE SE PUEDE ESPERAR……..,CAMERON DIAZ,,COMEDIA,12
27,2011,QUIERO MATAR A MI JEFE,COLLIN FARREL,,COMEDIA,2
8,1990,QUIGLEY DOWN UNDER,TOM SELLECK,SIMON WINCER,WESTERN,15
8,,RAIN MAN,DUSTIN HOFFMAN,,"DRAMA, FAMILIA",16
34,2012,RALPH EL DEMOLEDOR,RALPH ,DISNEY ,ANIMADA,14
5,,RAMBO 1,S. STALLONNE,,THRILLER DE GUERRA,10
6,,RAMBO 2,S. STALLONNE,,THRILLER DE GUERRA,10
7,,RAMBO 3,S. STALLONNE,,THRILLER DE GUERRA,10
8,,RAMBO 4,S. STALLONNE,,THRILLER DE GUERRA,10
5,2010,RED,Bruce Willis,,"ACCIÓN, POLICIAL",6
9,,RED CLIFF 1 y 2,TONY LEUNG,,"ÉPICA, MARCIALES",11
9,2012,REGRESO DEL INFIERNO,TOM HARDY,,"TERROR, SUSPENSO",2
7,2010,REPOMEN,Forrest Withaker,,"ACCIÓN, TERROR",6
38,2006,RESCATE EN LA ANTARTIDA,PAUL WALKER,FRANK MARSHALL,Aventura Disney,8
2,2008,RETRATOS DEL MAS ALLA,JOSHUA JACKSON,,"Horror, MIsterio, Suspenso",2
40,2011,RIG,Vitali Klitschenco,,"Box, Biografia",7
33,2011,RIO,,,"Animada, aventura, fam",4
33,,RIO MISTICO,SEAN PENN,,DRAMA  SUSPENSO,13
9,1991,ROBIN HOOD,Kevin Kostner,,AVENTURA FICCIÓN,6
9,,ROBOSAPIEN: REBOOTED,,SEAN MACNAMARA,ANIMADA,16
33,2012,RURONI KENSHIN,TAKERU SATO,KEISHI OHTOMO,ARTES MARCIALES,14
23,1998,SALVANDO AL SOLDADO RYAN,TOM HANKS,,DRAMA DE GUERRA,1
25,,SAVAJES,TRAVOLTA - DEL TORO,,THRILLER ,12
35,2005,SAW -DECIDE RÁPIDO O MUERE DESPACIO,,,"Terror, crimen, suspenso",3
36,2006,SAW -III,,,"Terror, crimen, suspenso",3
37,2007,SAW -IV,,,"Terror, crimen, suspenso",3
34,2004,SAW -TODO PUZZLE TIENE SUS PIEZAS,,,"Terror, crimen, suspenso",3
38,2008,SAW -V,,,"Terror, crimen, suspenso",3
39,2009,SAW -VI,,,"Terror, crimen, suspenso",3
40,2010,SAW -VII,,,"Terror, crimen, suspenso",3
31,2010,SCOTT PILGRIM VS. THE WORLD,MICHAEL CERA,,"Acción, Comedia, Ciencia F.",2
7,2008,SE BUSCA,Angelina Jolie-Mcavoy,,"Accion, Ficcion",7
2,,SED SANGRIENTA,KANG-HO SONG,,"TERROR, VAMPIROS",9
12,2012,SEIS SESIONES DE SEXO,"HELEN HUNT, HAWKES",BEN LEWIN,DRAMA,15
14,2002,SEÑALES,MEL GIBSON,,"FICCION, SUSPENSO",1
18,1973,SERPICO,AL PACINO,,DRAMA POLICIAL,1
2,,SERPIENTE BLANCA,JET LI,,ARTES MARCIALES,11
38,2000,SESENTA SEGUNDOS,Nicholas Cage,,"Accion, Drama",7
18,2004,SETUP,Bruce Willis-50cent,,Accion Policial,7
20,,SEVEN,PIT - FREEMAN,,SUSPENSO - CRIMEN,13
14,,SHAFT,,,,16
10,,SHANGHAI NOON- KNIGHTS,,,,16
27,2011,SHERLOCK HOLMES J SOMBRAS,Robert Downey Jr.,,"Accion, Suspenso",7
11,2001,SHREK,,,"Animada, aventura, fam",4
12,2004,SHREK 2,,,"Animada, aventura, fam",4
13,2007,SHREK 3,,,"Animada, aventura, fam",4
14,2010,SHREK 4,,,"Animada, aventura, fam",4
38,2012,SI FUERAS YO,RYAN REYNOLDS,,COMEDIA,12
37,2011,SI TU FUERAS YO,RYAN REYNOLDS,,"COMEDIA, DRAMA",2
15,,SIETE ALMAS,WILL SMITH,,DRAMA,12
35,,SIETE AÑOS EN EL TIBET,BRAD PITT,,DRAMA PASIONAL,13
5,2011,SIETE DIAS EN UTOPIA,ROBERT DUVALL,MATT RUSSELL,"Drama, golf",8
20,,SILENT HILL,RADHA MITCHELL,,"TERROR, SUSPENSO",9
11,,SIN CITY,ROBERT RODRIGUEZ,,FICCION CORTOS,12
32,2011,SIN CONTROL,Gina Carano-Banderas,,Accion Policial,7
38,2012,SIN ESCAPE,Taylor Lautner,,"Ciencia F. Aventura, Drama",5
19,,SIN LEY,TOM HARDY,,MAFFIA ACCION,9
20,,SIN MIEDO,JET LI,,"DRAMA, MARCIALES",11
14,2012,SIN PROTECCION,ROBERT REDFORD,ROBERT REDFORD,Thriller político,14
9,1999,SOLDADO UNIVERSAL EL REGRESO,Van Damme,,"Accion, Ficcion",7
14,,SOLO DIOS PERDONA,RYAN GOSSLING,NICOLAS WINDING,"ACCION, DRAMA",16
24,2010,SOLOMON KANE,JAMES PUREFOY,,"Accion, Aventura",5
28,2011,SOLOS EN LA OSCURIDAD,STEVE RAILSBACK,BRAD SYKES,"Horror, Suspenso",8
35,2012,SOMBRAS TENEBROSAS,JHONNY DEEP,TIM BURTON,Vampiros comedia,8
10,´10-12,STAR TREK 1 y STAR TREK 2,CHRIS PINE,,"ACCIÓN, FICCIÓN",1
35,,STAR WAR 1 ,HARRINSON FORD,,FICCION FUTURISTA,11
36,,STAR WAR 2,HARRINSON FORD,,FICCION FUTURISTA,11
37,,STAR WAR 3,HARRINSON FORD,,FICCION FUTURISTA,11
38,,STAR WAR 4,HARRINSON FORD,,FICCION FUTURISTA,11
39,,STAR WAR 5,HARRINSON FORD,,FICCION FUTURISTA,11
40,,STAR WAR 6,HARRINSON FORD,,FICCION FUTURISTA,11
3,1994,STARGATE,KURT RUSSELL,,FICCION,1
5,,STOKER,,,,16
16,2010,STONE,ROBERT DE NIRO,JOHN CURRAN,"Suspenso, Drama",8
12,2008,STREET KINGS,Keanu Reeves,,"Drama, Accion Policial",7
2,1999,STRIPTEASE,DEMI MORE,ANDREW BERGMAN,Drama,8
4,,SUEÑOS DE FUGA,MORGAN FREEMAN ,,DRAMA  PRISION,12
27,,SUPERMAN EL HOMBRE DE ACERO,,,,16
6,,TANGO Y CASH,STALLONE - RUSSELL,,POLICIAL,12
1,1975,TARDE DE PERROS,AL PACINO,SIDNEY LUMET,DRAMA - SUSPENSO,15
17,2009,TEKKEN,JON FOO,,ARTES MARCIALES,11
30,2011,TEKKEN venganza sangrienta,,,"Animada, aventura, fam",4
29,,TETRO,VINCENT GALLO},FRANCIS FORD COPPOLA,,16
39,2011,THE BEAVER,MEL GIBSON,,Drama,2
3,,THE BONE COLLECTOR,DENZEL WASHINGTON,,SUSPENSO POLICIAL,13
7,2005,THE BROTHERS GRIMM,HEAT LEDGER,,"Suspenso, Ciencia F.",2
5,2006,THE COVENANT,STEVEN STRAIT,,THriller TERROR,2
33,,THE CROODS,,,ANIMADA,16
26,,THE FLY,DAVID CRONENBERG,,TERROR,16
18,2012,THE GREY,LIAM NEESON,JOE CARNAHAN,"Drama, acción",8
5,,THE GUILT TRIP (EL VIAJE CULPA),BARBRA STREISAND,,COMEDIA,14
10,,THE HIT LIST,CUBA GOODING JR,,THRILER POLICIAL,14
33,2011,THE INNKEEPERS,SARA PAXTON,TI WEST,Cortos de terror,8
33,2012,THE KILLER WHO NEVER KILLS,Lee Fung-Bok,Lee Fung-Bok,COMEDIA ACCION,15
35,,THE LIABILITY,TIM ROTH,,"SUSPENSO, POLICIAL",16
1,2001,THE LORD OF THE RINGS - THE FELLOWSHIP ,,,"Accion, Aventura, Fantasia",3
2,2003,THE LORD OF THE RINGS - THE RETURN OF THE KING,,,"Accion, Aventura, Fantasia",3
3,2002,THE LORD OF THE RINGS - THE TWO TOWERS,,,"Accion, Aventura, Fantasia",3
3,,THE LOST BLADESMAN,DONNIE YEN,,ARTES MARCIALES,11
30,,THE MUSIC OF AMERICA SOUL,NEW ORLEANS,,CONCIERTO MUSICAL,11
7,2006,THE PRESTIGE,HUGH JACKMAN,,"SUSPENSO, DRAMA",1
16,,THE PURGE. LA NOCHE DE LAS BESTIAS,,,TERROR,16
13,,THE RUNNING MAN,,,,16
26,,THE SHINING,JACK NOCHOLSON,,TERROR SUSPENSO,13
6,2009,THE UNINVITED,EMILY BROWNING,,"Drama, Suspenso",2
18,2013,THE WICKED,DEVON WERKHEISER,PETER WINDTHER,HORROR,15
13,2011,THOR,CRIS HEMSWORTH,,"Accion, Aventura, Ciencia F.",5
1,2011,THOR- TALES ASGARD,,,"Animada, aventura, fam",4
20,2003,TIEMPO LIMITE,Denzel Washington,,"Drama, Accion Policial",7
26,2011,TIN TIN,JAMIE BELL,STEVEN SPIELBERG (D),Aventura animada,8
37,1997,TITANIC,LEONARDO DI CAPRI,,"AVENTURA, DRAMA, HISTORIA",6
8,,TOP GUN,TOM CRUISE,,DRAMA - COMBATE AEREO,13
19,1995,TOY STORY,,,"Animada, aventura, fam",4
20,1999,TOY STORY 2,,,"Animada, aventura, fam",4
21,2010,TOY STORY 3,,,"Animada, aventura, fam",4
3,1996,TRAINSPOTTING,EWAN MC GREGOR,DANNY BOYLE ,DRAMA - COMEDIA,15
22,2007,TRANSFORMER,,,"Accion, Aventura, Ciencia F.",3
23,2009,TRANSFORMER 2,,,"Accion, Aventura, Ciencia F.",3
24,2011,TRANSFORMER 3,,,"Accion, Aventura, Ciencia F.",3
11,2006,TRAS LAS LINEAS ENEMIGAS,Gene Hackman,,"Drama, Accion De Guerra",7
9,,TRON,JEFF BRIDGGES,,"AVENTURA, FICCION",10
10,,TRON LEGACY,JEFF BRIDGGES,,"AVENTURA, FICCION",10
25,2004,TROYA,BRAD PITT,,ÉPICA HISTÓRICA,1
8,,TRUE LEYEND,VINCENT ZHAO,,ARTES MARCIALES,11
24,2010,TRUST,CLIVE OWENS,,"DRAMA, SUSPENSO",6
35,2010,ULTRAMARINES,WARHAMMER JUEGO,MARTYN PICK,ANIMADA,14
18,2006,ULTRAVIOLETA,MILLLA JOVOVICH,,"Accion, Aventura, Ciencia F.",5
11,2009,UN CIUDADANO EJEMPLAR,GERARD BUTLER,,"SUSPENSO, VENGANZA",1
22,,UN CUARTO TARDE,KHRISTOPHER WALKEN,YARON ZIBERMAN,"DRAMA, COMEDIA",15
19,,UN DIA DE FURIA,MICHAEL DOUGLAS,,DRAMA - SUSPENSO,13
38,2011,UN MONSTRUO EN PARIS,FRANCIA,BIBO BERGERON,ANIMADA,14
13,2012,UN PLAN PERFECTO,"COLIN FIRTH, C. DÍAZ",MICHAEL HOFFMAN,COMEDIA,15
39,2012,UNA AVENTURA EXTRAORDINARIA,SURAJ SHARMA,ANG LEE,"DRAMA, ACCION",15
31,,UNA AVENTURA REAL,,NIKOLAJ ARCEL,DRAMA HISTÓRICA,15
6,,UNA CANCION PARA CLARION,,,,16
13,,UNA PROPOSICION INDECENTE,ROBERT REDFORD,,DRAMA - INTRIGA,13
32,,UNDERWORLD 1,KATE BECKINSALE,,VAMPIROS-WOLFMEN,10
33,,UNDERWORLD 2,KATE BECKINSALE,,VAMPIROS-WOLFMEN,10
34,,UNDERWORLD 3,KATE BECKINSALE,,VAMPIROS-WOLFMEN,10
35,,UNDERWORLD 4,KATE BECKINSALE,,VAMPIROS-WOLFMEN,10
36,2009,UP,DISNEY PIXAR,PETE DOCTER,ANIMADA,14
17,2006,V FOR VENDETTA,NATALIE PORTMAN,,"TERROR, SUSPENSO",1
39,2012,VALIENTE,DISNEY,,ANIMADO,12
16,,VAQUEROS DEL ESPACIO,,,,16
35,2008,VIAJE AL CENTRO DE LA TIERRA,BRENDN FRASER,,"ACCIÓN, SUSPENSO, FICCIÓN",6
1,87-10,WALL STRET COLLECTION (1y2),MICHAEL DOUGLAS,,"DRAMA, SUSPENSO",6
34,2008,WALL.E,,,"Animada, aventura, fam",4
32,2011,WINTER EL DELFIN,HARRY CONNIK,,"DRAMA, COMEDIA",2
14,2012,WU DANG,VINCET ZHAO,,ACCION ARTES MARCIALES,12
16,2003,X2: X-MEN UNITED,,,"Accion, Aventura, Ciencia F.",3
15,2000,X-MEN,,,"Accion, Aventura, Ciencia F.",3
17,2006,X-MEN X3: THE LAST STAND,,,"Accion, Aventura, Ciencia F.",3
18,2009,"X-MEN, ORIGENES",,,"Accion, Aventura, Ciencia F.",3
19,2011,"X-MEN, PRIMERA GENERACIÓN",,,"Accion, Aventura, Ciencia F.",3
8,,,,,,5
10,,,,,,5
12,,,,,,5
